{"os":3,"procedure_type":1,"name":"Choco Upgrade All","description":"Upgrades all installed chocolatey packages","version":"2.0","payload":"WL9Au9PiKVdXcXmE45aJRUs1iiHqEhWNkQJkBnXrFOiwuMYM\/LtdR7FLkFHf9wks7e1q1yXjYaGo5WAQN38cmS506PiSRTfqZPEDwPuhiqX82O7AxVHCdJFB7euIz5JVc1plcGqWbYoUSf9UoZKEAQDkJS8HRaJQ3Ygd0elf4\/pF8gC1WtL9Bya8dI6m2Ia9ELO0NcL53AXhsUT4hCnbCNxLPaj7zv9PfwhzBEh34NeYz3fp9VR8ByIWxlulYPc0s8spEnj7cdvoIjPwQs7STpxanLdOguR5SFJENsbIOBeAOhinW\/HvdAvUsCq4MOZEuB\/D3W30+4laY67TvanMrQAM8T88I+uLEuc08f1Py+Ymke6QrnsQOoWc6VxsotAJw2JOM5ZS52DGMfD0K8HZE+2hcPvNsjB23wj51W9W7WRr0xGpIP1q\/KcJMqG1P9uyWpy6ikVz1DJzS8p+SvFHwSdchNbOi09LBLXwtagKnh4QtVvl+578Srj7i2VNnslGm4\/wxi8Hn5EO1w4bka2SoxQQ8qEsdsNBjxZosRijYpYoTXK4IP5DutaINVLKiYJrh5SW9eHhsGK3pYOrqiUEmd5rZQwoB8a50UwTh\/63+Vo+7Hhx6b7TdLXXP62CaZFcjwF0A4R93Tu0G6PglDL0XWyQ2oUkNO4lwfIm+CrBl\/gHUK\/RrYxtPdnVWEtmfaNsUjwviVDtEcecJbPMWuBdGLvL+VCMelufIYcdYzc5DvjMEzNnrq8LMjobuZxS5+by\/tMqxjFTvhePEjxwHcF3tGmgPg73YnzQ1w3pOzu04KxrllzPR0vz2fyqZzQXnE\/Ab+j\/6pL3sGqXIIrNgpYBdBVWPzUqKihz6l8+xDIiULs+bIRoKkVIE0McunJ9KTsqqorlBPCuD4JOgZAmi+woTs4pzxZqgwi\/s0YeTh1xQYulV+PQ+wAh854n\/ecQKt6NirU663mWVr04rFF02l7YHxRevqxwvaoXMJd4sFDL1oCr2zjBYweqeAYBfNdsRhHAwVwFQHQleWXyXOb2KqZUPA==","payloadChecksum":"b476ee0b80aaa932ef4eb7ad34c439d9"}