{"os":3,"procedure_type":1,"name":"Install Chocolatey Package Manager CHOCO","description":"Install Choco and set options to not prompt user so that procedures to install software, upgrade, and remove can be used.","version":"2.0","payload":"5La3iUlUUGk5pbQdhSGBWkDGgU743VZBA4aMzJzLqsJOVVIX6\/vDkW5sdRO7kCoyAn9iLqxPs91b3511FxobgTS8g9gwUrtFUa\/Ze7NmgIyHZHGEeg\/kJf+H9xrHjxxOfsNJsR0QAyb1MTG\/wQT22tMCJDPxhNvQgrjOo8J85DNGIefMdN3dtqfIUje9KP1a2mgaBdrrdmDKH8Satj7NkyckPvE681HD8Td2A1hMTMMbAKqWwKoN8x\/VyghKf\/p+xhAry3gHAZimkqXi6y\/7Zr7ayWV0RifYv4a\/auxSXQVVnLTxJl35r6MOe3lSRDpDr\/KWqX8+7aY8bJ4Zkt9\/0Tgd6W58dXSjk0JH57V98S6+m44vFSen\/glKoMno+XwG8isDS0\/e9UYtp8gC26GLCHHC6FnK0ox\/fIIDwcP2VAt\/HXnJFCKP1YsuZI8VReVqr9AhBURhe6ydLyUS0WNaXV6z9kQDFhAnsn49YT6f4PK1WStTUzM4BsYMjFWygkJX4s1MhnokmI6yUw5GRE1nQ5q+XE4k45oZcRCMWtxA9y3+L5Vux8OIMFBOgJkGAhY1j7+S1QdtpI8TxTY6K9iN0+E45Q5vxbI4\/cVXCQxOcM2YwQTrKcxbvyJV1+wvyNDz5Dt4a4\/21q74gWbNJZIQD5P9zupfQjvhfXAFsUGlJUNfViJI994WyMZN1SRFYmLAEBU1mlVMhgg2fowOisb21MlKHeSyMm4fya81FZMTxhvk3HQWmmRhFTpOKAPaw+1huHQlj4850X6XREK72v7mWVOx8XykJqhiNBfd1zOlev49eTY2NTwwlNluPZIHrg8I2h\/yFsug2afze74T6kKo1bB1GH+3ltZ3qogpb\/WVSbNEO8X24yU8BK05dok4oWzqgCihYL0IUI56zzlhGaOS+wRI44gnGko+BAJSpOu1eh+AivArfq0Pis5tp1X5GF4pmvqaMN33P6nIgboNXDYm8Skf3JbE6bEy5eRx4TDE0ww4kcsjE4WJE9EOiqamaq5FNyjEdtsvLlzQdPK6UVTgKnRYUE0IfDYdN7xjXdPs\/Di7gltg3aPVdwalC4QNfEY2gts1W+Zl5ndJyc\/yablTaKIAMMukqUV4MzfG\/U5Qj2NOENkHRzDC0kVyyyQBJkJjvs\/\/jwlwSXW+TtIcD64sy0p2W4VtbV5u0Vpru2d29VgSDITHA\/RDCV9hwytYL5Adih3EqEndIZNVdqx1gzICJspEonbLKLLqaItTifMUTDcXDa6qRoE7RWzo3\/sfO8F9JdBarVTxDohiT0Qid9sUWgPN0kMIRJ4s7EV4RG5\/rMCLHMsbx4xqqSNkjSSmXAAeUq+WiHqcrsZBLnm331h\/IE8zOstWX\/wJ4Roagz7nTAWUx1nV2h3hXInZEVw\/7mjCcrqNEkAJCnB0w0\/IauxsQJzmoAIPkoizsZdg96sao9V6k8FaZd7bHRnKKHDhtalcMGS0qI+k+I88Bd+cMWdC9V3ZDqDV6kc7Av0GPAsUmvSA\/HFDbvgl18lzUOPMENxW","payloadChecksum":"47af8daf0405286a88bb9ca4e5190e2a"}